Station,DateTime,NO2,O3,SO2,CO,PM10,PM2.5
Central/Western,2025-04-17 00:00:00+08:00,28.1,,2.2,,70.6,19.4
Central/Western,2025-04-17 01:00:00+08:00,28.1,86.6,2.2,,66.0,16.5
Central/Western,2025-04-17 02:00:00+08:00,19.8,97.9,3.0,,64.8,16.5
Central/Western,2025-04-17 03:00:00+08:00,19.2,94.8,3.0,,59.9,16.4
Central/Western,2025-04-17 04:00:00+08:00,19.2,100.6,2.5,,60.6,17.4
Central/Western,2025-04-17 05:00:00+08:00,10.5,102.4,2.7,,57.9,15.1
Central/Western,2025-04-17 06:00:00+08:00,14.7,100.3,3.3,,61.1,18.8
Central/Western,2025-04-17 07:00:00+08:00,22.4,92.2,2.7,,59.4,17.9
Central/Western,2025-04-17 08:00:00+08:00,39.9,77.9,3.0,,53.9,14.4
Central/Western,2025-04-17 09:00:00+08:00,48.0,72.3,2.6,,56.8,17.1
Central/Western,2025-04-17 10:00:00+08:00,52.8,68.8,2.5,,58.7,19.7
Central/Western,2025-04-17 11:00:00+08:00,27.7,91.0,2.2,,58.6,20.9
Central/Western,2025-04-17 12:00:00+08:00,14.7,95.3,1.7,,47.0,14.6
Central/Western,2025-04-17 13:00:00+08:00,8.9,99.3,1.6,,47.0,14.0
Central/Western,2025-04-17 14:00:00+08:00,13.1,97.4,1.7,,47.0,13.4
Central/Western,2025-04-17 15:00:00+08:00,12.4,94.1,1.7,,50.5,14.7
Central/Western,2025-04-17 16:00:00+08:00,16.0,83.9,1.6,,51.8,14.2
Central/Western,2025-04-17 17:00:00+08:00,16.0,83.2,1.6,,51.4,13.4
Central/Western,2025-04-17 18:00:00+08:00,12.3,88.7,1.8,,53.2,13.6
Central/Western,2025-04-17 19:00:00+08:00,10.8,94.5,1.9,,53.6,13.9
Central/Western,2025-04-17 20:00:00+08:00,11.3,93.7,2.1,,52.8,12.6
Central/Western,2025-04-17 21:00:00+08:00,12.0,89.3,2.2,,48.6,11.3
Central/Western,2025-04-17 22:00:00+08:00,9.5,90.5,2.1,,47.9,13.2
Central/Western,2025-04-17 23:00:00+08:00,10.8,85.1,2.2,,47.0,12.2
Southern,2025-04-17 00:00:00+08:00,6.0,98.2,4.9,316.7,54.0,13.0
Southern,2025-04-17 01:00:00+08:00,6.0,89.4,4.6,315.6,49.2,11.7
Southern,2025-04-17 02:00:00+08:00,3.5,86.2,4.4,298.2,47.5,13.8
Southern,2025-04-17 03:00:00+08:00,2.3,76.6,4.3,285.8,43.9,14.0
Southern,2025-04-17 04:00:00+08:00,2.2,71.1,4.2,281.7,44.3,17.5
Southern,2025-04-17 05:00:00+08:00,2.2,74.6,4.2,294.2,40.8,15.4
Southern,2025-04-17 06:00:00+08:00,3.5,66.4,4.4,291.2,35.1,10.4
Southern,2025-04-17 07:00:00+08:00,7.1,60.4,4.2,316.0,31.0,7.6
Southern,2025-04-17 08:00:00+08:00,16.2,72.2,4.2,342.9,35.3,12.2
Southern,2025-04-17 09:00:00+08:00,17.8,99.1,4.3,332.3,44.1,15.3
Southern,2025-04-17 10:00:00+08:00,19.3,101.6,4.5,317.7,49.1,15.7
Southern,2025-04-17 11:00:00+08:00,18.5,99.2,4.9,312.9,46.9,15.3
Southern,2025-04-17 12:00:00+08:00,11.4,103.4,4.7,312.0,41.5,9.9
Southern,2025-04-17 13:00:00+08:00,9.8,104.8,4.7,305.2,43.6,10.9
Southern,2025-04-17 14:00:00+08:00,7.9,108.9,3.9,274.5,44.0,11.1
Southern,2025-04-17 15:00:00+08:00,7.0,103.8,4.6,267.5,46.4,12.6
Southern,2025-04-17 16:00:00+08:00,7.8,102.9,5.3,281.8,45.4,10.8
Southern,2025-04-17 17:00:00+08:00,6.3,102.3,6.3,278.4,46.9,11.7
Southern,2025-04-17 18:00:00+08:00,7.1,102.6,5.1,284.7,46.4,10.3
Southern,2025-04-17 19:00:00+08:00,10.0,99.4,4.6,301.4,50.1,13.5
Southern,2025-04-17 20:00:00+08:00,11.4,93.4,4.4,302.6,49.8,12.5
Southern,2025-04-17 21:00:00+08:00,12.5,89.6,4.5,281.0,47.7,11.6
Southern,2025-04-17 22:00:00+08:00,11.1,83.1,5.1,301.6,45.5,9.8
Southern,2025-04-17 23:00:00+08:00,14.9,57.8,4.7,345.5,41.7,9.8
Eastern,2025-04-17 00:00:00+08:00,29.9,104.2,1.2,,74.4,21.4
Eastern,2025-04-17 01:00:00+08:00,20.6,108.3,1.4,,69.4,21.1
Eastern,2025-04-17 02:00:00+08:00,13.5,109.0,1.4,,63.8,17.4
Eastern,2025-04-17 03:00:00+08:00,16.8,101.0,1.4,,64.9,19.3
Eastern,2025-04-17 04:00:00+08:00,13.7,103.6,1.3,,64.6,19.4
Eastern,2025-04-17 05:00:00+08:00,14.4,108.6,2.2,,63.1,20.3
Eastern,2025-04-17 06:00:00+08:00,19.9,104.5,1.7,,61.6,18.9
Eastern,2025-04-17 07:00:00+08:00,29.3,92.7,1.3,,58.2,18.4
Eastern,2025-04-17 08:00:00+08:00,36.8,81.8,1.0,,59.5,18.1
Eastern,2025-04-17 09:00:00+08:00,41.1,81.8,0.8,,58.5,18.0
Eastern,2025-04-17 10:00:00+08:00,40.5,88.7,0.9,,61.1,22.3
Eastern,2025-04-17 11:00:00+08:00,38.0,90.5,0.8,,57.4,18.8
Eastern,2025-04-17 12:00:00+08:00,33.3,93.9,1.0,,50.1,14.8
Eastern,2025-04-17 13:00:00+08:00,33.2,94.6,1.1,,47.4,14.4
Eastern,2025-04-17 14:00:00+08:00,36.2,94.6,1.1,,50.4,17.3
Eastern,2025-04-17 15:00:00+08:00,35.8,95.6,0.9,,53.8,20.8
Eastern,2025-04-17 16:00:00+08:00,31.4,96.7,1.1,,56.5,21.5
Eastern,2025-04-17 17:00:00+08:00,32.7,92.6,1.1,,53.1,16.5
Eastern,2025-04-17 18:00:00+08:00,43.1,82.5,1.3,,56.4,18.5
Eastern,2025-04-17 19:00:00+08:00,40.3,77.0,0.8,,57.2,18.6
Eastern,2025-04-17 20:00:00+08:00,35.9,81.3,0.8,,55.8,17.0
Eastern,2025-04-17 21:00:00+08:00,34.0,87.5,1.2,,61.1,19.1
Eastern,2025-04-17 22:00:00+08:00,29.3,85.0,1.3,,69.1,20.6
Eastern,2025-04-17 23:00:00+08:00,38.0,66.2,1.0,,69.7,21.7
Kwun Tong,2025-04-17 00:00:00+08:00,36.7,91.4,0.8,,72.7,18.4
Kwun Tong,2025-04-17 01:00:00+08:00,33.6,88.9,0.6,,68.7,16.7
Kwun Tong,2025-04-17 02:00:00+08:00,20.6,94.1,0.8,,61.3,13.5
Kwun Tong,2025-04-17 03:00:00+08:00,21.0,86.4,0.8,,56.4,11.9
Kwun Tong,2025-04-17 04:00:00+08:00,16.0,91.2,0.7,,58.1,13.9
Kwun Tong,2025-04-17 05:00:00+08:00,14.9,92.4,0.7,,56.1,13.7
Kwun Tong,2025-04-17 06:00:00+08:00,23.8,85.5,0.8,,54.6,12.4
Kwun Tong,2025-04-17 07:00:00+08:00,35.9,75.0,0.8,,54.7,13.7
Kwun Tong,2025-04-17 08:00:00+08:00,40.6,71.9,0.8,,56.0,15.6
Kwun Tong,2025-04-17 09:00:00+08:00,44.8,72.0,0.7,,55.8,16.8
Kwun Tong,2025-04-17 10:00:00+08:00,47.9,69.2,0.7,,56.5,19.6
Kwun Tong,2025-04-17 11:00:00+08:00,42.7,75.5,0.7,,50.2,15.3
Kwun Tong,2025-04-17 12:00:00+08:00,48.6,63.3,0.8,,50.2,13.3
Kwun Tong,2025-04-17 13:00:00+08:00,50.0,59.1,1.0,,49.8,13.9
Kwun Tong,2025-04-17 14:00:00+08:00,50.1,64.4,1.1,,48.7,14.0
Kwun Tong,2025-04-17 15:00:00+08:00,53.3,58.6,1.3,,46.9,13.1
Kwun Tong,2025-04-17 16:00:00+08:00,59.3,51.4,1.4,,48.6,14.1
Kwun Tong,2025-04-17 17:00:00+08:00,73.4,40.7,1.4,,51.7,15.3
Kwun Tong,2025-04-17 18:00:00+08:00,78.5,41.6,1.5,,54.2,17.0
Kwun Tong,2025-04-17 19:00:00+08:00,90.5,31.0,1.7,,55.5,16.6
Kwun Tong,2025-04-17 20:00:00+08:00,62.3,51.4,1.1,,56.4,17.0
Kwun Tong,2025-04-17 21:00:00+08:00,49.3,63.0,1.0,,55.8,16.1
Kwun Tong,2025-04-17 22:00:00+08:00,54.2,47.5,1.1,,56.7,15.9
Kwun Tong,2025-04-17 23:00:00+08:00,51.1,43.6,1.0,,53.3,15.7
Sham Shui Po,2025-04-17 00:00:00+08:00,28.3,84.5,4.4,,66.9,19.3
Sham Shui Po,2025-04-17 01:00:00+08:00,23.3,84.3,4.5,,61.5,14.9
Sham Shui Po,2025-04-17 02:00:00+08:00,17.1,87.7,4.7,,57.0,13.6
Sham Shui Po,2025-04-17 03:00:00+08:00,14.7,86.7,4.8,,54.8,12.7
Sham Shui Po,2025-04-17 04:00:00+08:00,14.7,86.7,4.8,,55.6,13.9
Sham Shui Po,2025-04-17 05:00:00+08:00,14.7,86.7,4.8,,52.6,12.4
Sham Shui Po,2025-04-17 06:00:00+08:00,19.3,84.0,4.5,,51.8,13.8
Sham Shui Po,2025-04-17 07:00:00+08:00,25.7,78.3,4.6,,51.4,14.6
Sham Shui Po,2025-04-17 08:00:00+08:00,44.7,63.5,4.8,,51.0,14.3
Sham Shui Po,2025-04-17 09:00:00+08:00,46.6,66.5,5.1,,51.5,16.1
Sham Shui Po,2025-04-17 10:00:00+08:00,42.2,73.3,4.1,,50.3,15.0
Sham Shui Po,2025-04-17 11:00:00+08:00,37.0,78.9,3.6,,51.2,16.6
Sham Shui Po,2025-04-17 12:00:00+08:00,43.0,70.3,3.9,,51.2,16.6
Sham Shui Po,2025-04-17 13:00:00+08:00,40.5,72.0,4.2,,51.2,16.6
Sham Shui Po,2025-04-17 14:00:00+08:00,45.2,67.6,4.5,,51.2,16.6
Sham Shui Po,2025-04-17 15:00:00+08:00,42.4,70.7,4.5,,51.4,15.4
Sham Shui Po,2025-04-17 16:00:00+08:00,46.4,56.8,4.4,,52.8,13.7
Sham Shui Po,2025-04-17 17:00:00+08:00,42.6,54.7,4.4,,56.1,14.6
Sham Shui Po,2025-04-17 18:00:00+08:00,43.1,53.3,4.8,,56.5,14.2
Sham Shui Po,2025-04-17 19:00:00+08:00,40.6,57.2,4.5,,55.8,12.8
Sham Shui Po,2025-04-17 20:00:00+08:00,36.0,61.0,4.7,,55.1,13.7
Sham Shui Po,2025-04-17 21:00:00+08:00,47.1,51.7,5.1,,54.1,14.3
Sham Shui Po,2025-04-17 22:00:00+08:00,46.5,51.4,4.9,,57.7,16.6
Sham Shui Po,2025-04-17 23:00:00+08:00,33.6,58.6,4.1,,54.3,14.9
Kwai Chung,2025-04-17 00:00:00+08:00,22.9,81.8,0.5,,59.4,18.2
Kwai Chung,2025-04-17 01:00:00+08:00,31.1,69.5,0.5,,56.9,16.0
Kwai Chung,2025-04-17 02:00:00+08:00,23.3,72.8,0.5,,55.6,16.6
Kwai Chung,2025-04-17 03:00:00+08:00,25.0,64.1,0.5,,52.9,16.9
Kwai Chung,2025-04-17 04:00:00+08:00,23.0,67.7,0.5,,50.9,16.1
Kwai Chung,2025-04-17 05:00:00+08:00,17.4,71.8,0.5,,50.7,15.5
Kwai Chung,2025-04-17 06:00:00+08:00,25.7,64.0,0.5,,48.5,15.7
Kwai Chung,2025-04-17 07:00:00+08:00,51.1,40.3,0.8,,48.3,15.7
Kwai Chung,2025-04-17 08:00:00+08:00,64.4,35.2,1.6,,46.2,15.0
Kwai Chung,2025-04-17 09:00:00+08:00,48.1,65.6,0.9,,48.1,15.4
Kwai Chung,2025-04-17 10:00:00+08:00,48.1,65.6,0.9,,51.2,16.6
Kwai Chung,2025-04-17 11:00:00+08:00,77.0,49.0,2.1,,52.6,18.7
Kwai Chung,2025-04-17 12:00:00+08:00,44.7,72.3,1.5,,51.7,18.1
Kwai Chung,2025-04-17 13:00:00+08:00,43.1,66.0,1.0,,50.9,18.0
Kwai Chung,2025-04-17 14:00:00+08:00,50.8,61.7,1.4,,50.7,16.5
Kwai Chung,2025-04-17 15:00:00+08:00,57.1,53.6,3.8,,52.3,15.5
Kwai Chung,2025-04-17 16:00:00+08:00,42.4,61.0,2.5,,50.3,14.6
Kwai Chung,2025-04-17 17:00:00+08:00,58.4,44.8,3.8,,52.1,15.4
Kwai Chung,2025-04-17 18:00:00+08:00,66.0,37.0,5.8,,54.7,15.4
Kwai Chung,2025-04-17 19:00:00+08:00,76.2,28.4,5.4,,54.0,13.8
Kwai Chung,2025-04-17 20:00:00+08:00,92.8,16.1,4.7,,54.9,16.1
Kwai Chung,2025-04-17 21:00:00+08:00,77.8,25.5,4.0,,57.4,16.7
Kwai Chung,2025-04-17 22:00:00+08:00,58.9,35.8,2.1,,54.2,16.5
Kwai Chung,2025-04-17 23:00:00+08:00,54.6,37.1,2.0,,50.9,15.4
Tsuen Wan,2025-04-17 00:00:00+08:00,38.8,56.9,1.3,825.5,51.5,16.3
Tsuen Wan,2025-04-17 01:00:00+08:00,38.8,56.9,1.3,825.5,48.9,14.9
Tsuen Wan,2025-04-17 02:00:00+08:00,38.8,56.9,1.3,825.5,47.2,14.0
Tsuen Wan,2025-04-17 03:00:00+08:00,12.9,65.9,1.2,726.5,39.8,11.2
Tsuen Wan,2025-04-17 04:00:00+08:00,10.7,65.6,1.1,720.8,40.9,14.5
Tsuen Wan,2025-04-17 05:00:00+08:00,11.9,68.2,1.2,724.2,39.0,13.4
Tsuen Wan,2025-04-17 06:00:00+08:00,18.8,59.9,1.1,753.2,37.9,12.9
Tsuen Wan,2025-04-17 07:00:00+08:00,40.4,37.6,0.9,860.9,38.1,13.4
Tsuen Wan,2025-04-17 08:00:00+08:00,39.4,51.3,1.2,858.0,39.0,13.0
Tsuen Wan,2025-04-17 09:00:00+08:00,44.4,57.3,1.3,865.5,43.2,14.9
Tsuen Wan,2025-04-17 10:00:00+08:00,66.4,44.4,2.5,832.0,43.5,14.2
Tsuen Wan,2025-04-17 11:00:00+08:00,60.7,52.2,2.7,780.0,44.7,15.9
Tsuen Wan,2025-04-17 12:00:00+08:00,39.2,67.0,1.9,753.0,44.9,16.3
Tsuen Wan,2025-04-17 13:00:00+08:00,30.2,67.3,1.5,715.6,42.8,15.7
Tsuen Wan,2025-04-17 14:00:00+08:00,34.6,66.3,1.5,710.7,41.1,13.3
Tsuen Wan,2025-04-17 15:00:00+08:00,32.2,66.6,1.8,711.0,41.5,13.0
Tsuen Wan,2025-04-17 16:00:00+08:00,36.6,57.1,2.0,666.6,43.9,14.0
Tsuen Wan,2025-04-17 17:00:00+08:00,37.5,55.0,2.0,629.3,44.5,13.4
Tsuen Wan,2025-04-17 18:00:00+08:00,39.4,53.5,2.2,589.9,45.2,14.1
Tsuen Wan,2025-04-17 19:00:00+08:00,58.4,37.8,2.2,636.7,45.9,13.0
Tsuen Wan,2025-04-17 20:00:00+08:00,72.1,28.7,2.3,655.2,44.4,12.0
Tsuen Wan,2025-04-17 21:00:00+08:00,70.9,27.0,2.6,622.0,43.7,11.8
Tsuen Wan,2025-04-17 22:00:00+08:00,72.7,23.0,3.0,600.1,47.3,16.3
Tsuen Wan,2025-04-17 23:00:00+08:00,80.1,15.2,4.4,596.5,46.5,15.1
Tseung Kwan O,2025-04-17 00:00:00+08:00,9.6,123.6,5.2,103.2,93.6,22.9
Tseung Kwan O,2025-04-17 01:00:00+08:00,9.3,114.5,5.2,91.4,96.3,24.1
Tseung Kwan O,2025-04-17 02:00:00+08:00,5.9,110.0,5.1,73.4,89.4,23.8
Tseung Kwan O,2025-04-17 03:00:00+08:00,7.0,104.7,5.1,81.0,79.8,23.6
Tseung Kwan O,2025-04-17 04:00:00+08:00,6.8,108.4,5.0,74.7,75.0,23.3
Tseung Kwan O,2025-04-17 05:00:00+08:00,4.8,114.0,5.1,78.9,77.2,22.1
Tseung Kwan O,2025-04-17 06:00:00+08:00,5.9,111.0,5.0,81.4,75.1,20.2
Tseung Kwan O,2025-04-17 07:00:00+08:00,9.4,105.3,5.0,88.7,71.9,21.6
Tseung Kwan O,2025-04-17 08:00:00+08:00,11.4,99.5,4.9,100.1,72.4,19.8
Tseung Kwan O,2025-04-17 09:00:00+08:00,9.3,102.2,4.7,80.9,72.2,18.1
Tseung Kwan O,2025-04-17 10:00:00+08:00,12.2,104.6,4.8,71.6,74.6,22.5
Tseung Kwan O,2025-04-17 11:00:00+08:00,8.5,107.1,4.8,71.4,71.3,25.8
Tseung Kwan O,2025-04-17 12:00:00+08:00,21.9,91.3,4.9,107.6,69.5,22.8
Tseung Kwan O,2025-04-17 13:00:00+08:00,20.9,93.2,5.1,88.0,68.2,19.1
Tseung Kwan O,2025-04-17 14:00:00+08:00,23.7,94.7,5.3,106.5,72.8,19.3
Tseung Kwan O,2025-04-17 15:00:00+08:00,20.9,96.5,5.1,79.1,73.4,22.6
Tseung Kwan O,2025-04-17 16:00:00+08:00,29.4,83.7,5.3,112.1,69.8,20.4
Tseung Kwan O,2025-04-17 17:00:00+08:00,39.8,78.2,5.2,124.8,74.0,22.7
Tseung Kwan O,2025-04-17 18:00:00+08:00,38.7,82.1,5.2,93.7,74.6,23.3
Tseung Kwan O,2025-04-17 19:00:00+08:00,29.4,83.0,5.2,106.1,73.5,21.4
Tseung Kwan O,2025-04-17 20:00:00+08:00,37.4,75.0,5.2,134.3,72.6,20.6
Tseung Kwan O,2025-04-17 21:00:00+08:00,37.0,73.7,5.1,118.8,74.1,21.5
Tseung Kwan O,2025-04-17 22:00:00+08:00,32.6,71.6,5.1,116.6,77.0,18.8
Tseung Kwan O,2025-04-17 23:00:00+08:00,36.3,62.1,5.0,120.0,72.9,15.5
Yuen Long,2025-04-17 00:00:00+08:00,33.1,68.4,1.4,805.7,57.3,15.8
Yuen Long,2025-04-17 01:00:00+08:00,33.1,68.4,1.4,805.7,54.4,13.8
Yuen Long,2025-04-17 02:00:00+08:00,37.6,41.1,1.5,847.6,54.5,15.1
Yuen Long,2025-04-17 03:00:00+08:00,37.7,30.7,1.5,819.7,49.9,13.2
Yuen Long,2025-04-17 04:00:00+08:00,52.5,9.9,2.0,866.6,48.1,14.7
Yuen Long,2025-04-17 05:00:00+08:00,43.4,9.1,2.1,807.4,46.6,16.8
Yuen Long,2025-04-17 06:00:00+08:00,40.0,12.1,1.6,836.3,40.7,14.1
Yuen Long,2025-04-17 07:00:00+08:00,50.8,16.6,2.0,854.7,47.8,16.9
Yuen Long,2025-04-17 08:00:00+08:00,53.7,19.5,2.2,922.4,50.4,16.6
Yuen Long,2025-04-17 09:00:00+08:00,46.8,47.9,2.0,829.3,54.9,19.3
Yuen Long,2025-04-17 10:00:00+08:00,31.2,71.5,1.6,736.9,48.7,15.6
Yuen Long,2025-04-17 11:00:00+08:00,31.6,75.1,1.7,734.4,42.7,13.0
Yuen Long,2025-04-17 12:00:00+08:00,25.4,84.4,1.7,711.9,42.7,13.0
Yuen Long,2025-04-17 13:00:00+08:00,21.7,83.2,1.7,719.9,42.7,13.0
Yuen Long,2025-04-17 14:00:00+08:00,27.6,76.1,1.9,740.4,46.6,15.2
Yuen Long,2025-04-17 15:00:00+08:00,28.2,78.0,2.0,728.8,49.2,15.3
Yuen Long,2025-04-17 16:00:00+08:00,32.0,71.6,1.8,744.6,47.3,12.3
Yuen Long,2025-04-17 17:00:00+08:00,29.6,68.1,1.7,752.2,50.4,13.3
Yuen Long,2025-04-17 18:00:00+08:00,27.9,65.4,1.6,759.9,52.1,14.8
Yuen Long,2025-04-17 19:00:00+08:00,33.1,61.9,1.4,803.1,51.5,15.3
Yuen Long,2025-04-17 20:00:00+08:00,36.2,57.2,1.7,809.7,52.6,16.7
Yuen Long,2025-04-17 21:00:00+08:00,36.8,57.1,1.8,785.6,51.2,15.1
Yuen Long,2025-04-17 22:00:00+08:00,43.0,44.5,1.9,788.1,48.5,12.7
Yuen Long,2025-04-17 23:00:00+08:00,47.1,38.3,2.2,828.3,48.6,13.3
Tuen Mun,2025-04-17 00:00:00+08:00,39.6,72.2,5.7,437.0,90.9,28.9
Tuen Mun,2025-04-17 01:00:00+08:00,35.7,77.2,5.7,431.0,84.0,25.0
Tuen Mun,2025-04-17 02:00:00+08:00,34.7,70.8,5.5,422.1,82.9,22.1
Tuen Mun,2025-04-17 03:00:00+08:00,57.0,44.6,6.6,413.4,80.2,27.0
Tuen Mun,2025-04-17 04:00:00+08:00,44.8,51.4,6.1,422.1,85.9,24.9
Tuen Mun,2025-04-17 05:00:00+08:00,49.7,45.3,6.4,442.4,83.9,20.0
Tuen Mun,2025-04-17 06:00:00+08:00,60.8,26.9,6.2,513.6,79.6,22.0
Tuen Mun,2025-04-17 07:00:00+08:00,54.7,25.7,5.9,548.4,66.9,24.0
Tuen Mun,2025-04-17 08:00:00+08:00,66.3,29.6,6.0,524.2,65.2,25.0
Tuen Mun,2025-04-17 09:00:00+08:00,58.9,46.2,6.2,492.7,70.9,26.0
Tuen Mun,2025-04-17 10:00:00+08:00,47.8,67.9,6.6,439.5,69.0,24.1
Tuen Mun,2025-04-17 11:00:00+08:00,31.6,84.7,6.5,405.4,68.8,26.9
Tuen Mun,2025-04-17 12:00:00+08:00,26.9,89.3,5.9,373.4,62.1,22.9
Tuen Mun,2025-04-17 13:00:00+08:00,31.3,83.1,5.6,457.3,66.1,19.1
Tuen Mun,2025-04-17 14:00:00+08:00,22.3,90.6,5.6,460.9,68.0,23.0
Tuen Mun,2025-04-17 15:00:00+08:00,35.8,77.8,5.5,472.0,67.2,23.9
Tuen Mun,2025-04-17 16:00:00+08:00,38.4,73.5,5.5,464.6,73.8,19.1
Tuen Mun,2025-04-17 17:00:00+08:00,39.5,67.7,5.4,463.2,69.2,23.0
Tuen Mun,2025-04-17 18:00:00+08:00,43.0,59.3,5.4,478.3,75.0,23.0
Tuen Mun,2025-04-17 19:00:00+08:00,61.6,44.4,5.6,526.0,73.9,22.0
Tuen Mun,2025-04-17 20:00:00+08:00,71.2,36.9,5.7,520.7,71.9,20.0
Tuen Mun,2025-04-17 21:00:00+08:00,54.3,49.1,6.1,487.1,69.0,18.0
Tuen Mun,2025-04-17 22:00:00+08:00,37.7,59.5,5.8,470.5,69.9,19.0
Tuen Mun,2025-04-17 23:00:00+08:00,35.6,58.4,5.7,460.1,68.1,21.0
Tung Chung,2025-04-17 00:00:00+08:00,5.3,111.5,3.6,157.8,49.2,16.0
Tung Chung,2025-04-17 01:00:00+08:00,5.3,111.5,3.6,157.8,49.9,16.1
Tung Chung,2025-04-17 02:00:00+08:00,26.3,66.3,4.0,163.4,46.2,15.0
Tung Chung,2025-04-17 03:00:00+08:00,22.9,72.5,3.9,160.3,45.4,16.7
Tung Chung,2025-04-17 04:00:00+08:00,23.3,67.6,3.6,164.5,46.2,17.9
Tung Chung,2025-04-17 05:00:00+08:00,18.4,72.9,3.5,145.7,43.7,17.3
Tung Chung,2025-04-17 06:00:00+08:00,23.9,60.1,3.4,195.3,41.6,16.6
Tung Chung,2025-04-17 07:00:00+08:00,34.8,53.4,3.2,264.3,39.6,16.0
Tung Chung,2025-04-17 08:00:00+08:00,32.4,73.6,3.9,237.4,41.9,16.1
Tung Chung,2025-04-17 09:00:00+08:00,29.0,81.2,4.7,179.7,46.6,16.3
Tung Chung,2025-04-17 10:00:00+08:00,8.4,97.4,4.0,94.8,44.0,16.7
Tung Chung,2025-04-17 11:00:00+08:00,6.1,100.9,3.3,97.4,39.2,15.6
Tung Chung,2025-04-17 12:00:00+08:00,6.7,97.1,3.7,83.2,40.7,16.2
Tung Chung,2025-04-17 13:00:00+08:00,9.0,99.1,3.8,170.3,44.8,17.2
Tung Chung,2025-04-17 14:00:00+08:00,8.5,101.6,3.5,181.7,41.5,13.7
Tung Chung,2025-04-17 15:00:00+08:00,9.6,94.4,3.9,197.5,44.2,14.4
Tung Chung,2025-04-17 16:00:00+08:00,13.8,87.9,4.6,161.1,50.6,18.4
Tung Chung,2025-04-17 17:00:00+08:00,10.9,85.1,3.7,178.0,47.0,14.4
Tung Chung,2025-04-17 18:00:00+08:00,8.8,90.8,3.3,247.3,49.9,17.9
Tung Chung,2025-04-17 19:00:00+08:00,11.6,88.9,3.9,327.3,47.4,15.9
Tung Chung,2025-04-17 20:00:00+08:00,11.1,90.2,3.8,307.0,45.1,15.9
Tung Chung,2025-04-17 21:00:00+08:00,12.8,90.4,3.7,278.7,44.5,16.5
Tung Chung,2025-04-17 22:00:00+08:00,12.6,89.4,3.7,241.0,41.2,14.0
Tung Chung,2025-04-17 23:00:00+08:00,9.8,87.3,3.7,247.7,42.5,15.3
Tai Po,2025-04-17 00:00:00+08:00,18.4,119.8,2.8,,75.3,22.0
Tai Po,2025-04-17 01:00:00+08:00,14.2,120.4,2.6,,75.4,24.4
Tai Po,2025-04-17 02:00:00+08:00,11.1,117.5,2.7,,71.8,21.5
Tai Po,2025-04-17 03:00:00+08:00,11.1,108.1,2.7,,65.2,17.7
Tai Po,2025-04-17 04:00:00+08:00,8.6,107.4,3.2,,61.9,17.8
Tai Po,2025-04-17 05:00:00+08:00,10.4,101.5,2.7,,60.0,16.6
Tai Po,2025-04-17 06:00:00+08:00,12.9,97.3,2.8,,63.1,19.5
Tai Po,2025-04-17 07:00:00+08:00,35.7,63.9,2.8,,57.9,17.6
Tai Po,2025-04-17 08:00:00+08:00,36.2,76.5,2.9,,57.6,19.6
Tai Po,2025-04-17 09:00:00+08:00,14.1,108.6,2.8,,59.6,21.0
Tai Po,2025-04-17 10:00:00+08:00,16.2,113.9,2.7,,58.4,22.3
Tai Po,2025-04-17 11:00:00+08:00,20.8,116.0,2.7,,56.8,22.2
Tai Po,2025-04-17 12:00:00+08:00,17.2,121.5,2.8,,52.8,19.7
Tai Po,2025-04-17 13:00:00+08:00,16.9,116.5,2.9,,51.0,17.7
Tai Po,2025-04-17 14:00:00+08:00,25.3,111.3,3.2,,50.6,17.9
Tai Po,2025-04-17 15:00:00+08:00,23.0,112.3,3.4,,51.2,18.1
Tai Po,2025-04-17 16:00:00+08:00,20.8,105.8,3.4,,55.7,20.5
Tai Po,2025-04-17 17:00:00+08:00,18.2,99.7,3.4,,56.4,19.7
Tai Po,2025-04-17 18:00:00+08:00,22.1,93.0,3.5,,55.3,18.5
Tai Po,2025-04-17 19:00:00+08:00,20.8,95.0,3.4,,59.4,20.7
Tai Po,2025-04-17 20:00:00+08:00,33.0,81.2,3.9,,59.2,20.6
Tai Po,2025-04-17 21:00:00+08:00,24.8,89.5,3.5,,60.3,22.4
Tai Po,2025-04-17 22:00:00+08:00,27.9,86.5,3.1,,59.4,23.4
Tai Po,2025-04-17 23:00:00+08:00,28.3,82.7,3.2,,56.9,20.7
Sha Tin,2025-04-17 00:00:00+08:00,12.7,109.4,2.7,,60.5,17.1
Sha Tin,2025-04-17 01:00:00+08:00,21.3,93.5,2.6,,55.7,14.2
Sha Tin,2025-04-17 02:00:00+08:00,22.5,66.1,2.6,,50.5,13.9
Sha Tin,2025-04-17 03:00:00+08:00,20.2,59.3,2.6,,44.3,14.1
Sha Tin,2025-04-17 04:00:00+08:00,18.3,54.3,2.7,,42.0,13.7
Sha Tin,2025-04-17 05:00:00+08:00,19.1,52.0,2.5,,39.3,11.7
Sha Tin,2025-04-17 06:00:00+08:00,28.1,39.3,2.6,,38.7,13.1
Sha Tin,2025-04-17 07:00:00+08:00,43.8,22.4,2.6,,35.8,11.9
Sha Tin,2025-04-17 08:00:00+08:00,39.9,62.1,3.9,,38.8,13.0
Sha Tin,2025-04-17 09:00:00+08:00,23.4,89.4,4.6,,47.4,15.4
Sha Tin,2025-04-17 10:00:00+08:00,21.2,98.5,3.3,,46.4,14.0
Sha Tin,2025-04-17 11:00:00+08:00,15.4,106.4,2.9,,44.6,13.7
Sha Tin,2025-04-17 12:00:00+08:00,12.5,108.8,2.8,,42.5,12.4
Sha Tin,2025-04-17 13:00:00+08:00,13.7,107.9,2.7,,45.8,15.0
Sha Tin,2025-04-17 14:00:00+08:00,11.4,108.9,2.6,,47.1,15.6
Sha Tin,2025-04-17 15:00:00+08:00,18.1,106.4,2.8,,47.1,15.0
Sha Tin,2025-04-17 16:00:00+08:00,23.9,87.0,2.8,,46.7,12.9
Sha Tin,2025-04-17 17:00:00+08:00,27.5,75.7,2.8,,48.3,11.4
Sha Tin,2025-04-17 18:00:00+08:00,29.2,73.3,2.9,,50.1,12.9
Sha Tin,2025-04-17 19:00:00+08:00,36.1,66.3,3.0,,52.4,14.0
Sha Tin,2025-04-17 20:00:00+08:00,32.3,72.6,3.1,,51.4,13.6
Sha Tin,2025-04-17 21:00:00+08:00,13.7,88.7,2.4,,49.9,13.1
Sha Tin,2025-04-17 22:00:00+08:00,11.2,88.5,2.4,,46.9,11.6
Sha Tin,2025-04-17 23:00:00+08:00,20.6,73.1,2.4,,47.3,11.8
North,2025-04-17 00:00:00+08:00,13.5,102.9,1.1,292.6,77.1,30.7
North,2025-04-17 01:00:00+08:00,13.6,97.2,0.8,289.4,87.5,25.8
North,2025-04-17 02:00:00+08:00,16.2,90.0,1.0,335.1,79.5,20.0
North,2025-04-17 03:00:00+08:00,17.6,77.3,1.3,296.5,75.7,19.0
North,2025-04-17 04:00:00+08:00,25.3,64.0,1.3,274.9,69.8,19.0
North,2025-04-17 05:00:00+08:00,25.8,48.0,1.4,301.5,65.4,25.9
North,2025-04-17 06:00:00+08:00,33.5,14.1,2.2,400.2,60.2,25.1
North,2025-04-17 07:00:00+08:00,54.3,14.0,2.2,600.5,52.9,30.5
North,2025-04-17 08:00:00+08:00,48.9,51.6,2.0,360.6,47.8,31.0
North,2025-04-17 09:00:00+08:00,28.6,78.7,1.6,308.9,59.8,21.0
North,2025-04-17 10:00:00+08:00,23.4,88.1,1.5,307.5,65.0,14.7
North,2025-04-17 11:00:00+08:00,20.3,98.1,1.6,279.9,59.4,10.2
North,2025-04-17 12:00:00+08:00,20.6,103.9,1.5,271.1,63.9,18.1
North,2025-04-17 13:00:00+08:00,19.6,105.1,1.4,269.3,66.0,28.6
North,2025-04-17 14:00:00+08:00,20.3,102.4,1.3,264.1,64.1,32.6
North,2025-04-17 15:00:00+08:00,19.8,97.2,1.1,247.0,60.3,22.7
North,2025-04-17 16:00:00+08:00,17.0,87.4,1.1,214.1,70.3,22.5
North,2025-04-17 17:00:00+08:00,14.6,86.0,0.9,214.5,75.3,23.2
North,2025-04-17 18:00:00+08:00,16.3,80.9,0.7,219.0,71.6,24.6
North,2025-04-17 19:00:00+08:00,15.1,80.1,0.9,237.4,67.8,27.9
North,2025-04-17 20:00:00+08:00,18.8,72.9,1.2,286.3,67.2,23.9
North,2025-04-17 21:00:00+08:00,29.9,54.2,1.2,341.4,66.4,20.6
North,2025-04-17 22:00:00+08:00,27.6,61.3,1.5,341.4,63.9,19.7
North,2025-04-17 23:00:00+08:00,37.0,53.8,1.6,480.1,68.0,20.9
Tap Mun,2025-04-17 00:00:00+08:00,3.9,98.3,2.1,315.2,46.5,14.1
Tap Mun,2025-04-17 01:00:00+08:00,6.3,93.7,2.1,310.7,46.7,13.8
Tap Mun,2025-04-17 02:00:00+08:00,5.8,65.7,2.0,324.4,46.1,15.6
Tap Mun,2025-04-17 03:00:00+08:00,6.3,49.1,2.2,325.6,38.7,14.4
Tap Mun,2025-04-17 04:00:00+08:00,5.1,58.8,2.1,324.4,37.3,14.8
Tap Mun,2025-04-17 05:00:00+08:00,3.8,44.3,2.0,327.5,37.1,13.4
Tap Mun,2025-04-17 06:00:00+08:00,3.4,56.0,2.0,317.0,34.8,12.5
Tap Mun,2025-04-17 07:00:00+08:00,5.7,42.7,2.2,320.5,32.8,11.0
Tap Mun,2025-04-17 08:00:00+08:00,6.1,75.5,2.2,337.6,38.2,13.5
Tap Mun,2025-04-17 09:00:00+08:00,8.7,96.9,2.4,327.9,46.2,12.3
Tap Mun,2025-04-17 10:00:00+08:00,7.7,102.4,2.4,327.0,57.8,18.5
Tap Mun,2025-04-17 11:00:00+08:00,4.0,122.2,2.5,316.6,57.3,18.8
Tap Mun,2025-04-17 12:00:00+08:00,1.2,115.3,2.5,307.0,48.8,14.3
Tap Mun,2025-04-17 13:00:00+08:00,0.5,116.4,2.2,314.4,53.2,20.1
Tap Mun,2025-04-17 14:00:00+08:00,3.8,113.3,2.4,320.3,50.2,16.3
Tap Mun,2025-04-17 15:00:00+08:00,2.4,124.0,2.6,311.6,51.3,16.6
Tap Mun,2025-04-17 16:00:00+08:00,3.4,127.1,2.6,312.8,52.6,18.0
Tap Mun,2025-04-17 17:00:00+08:00,4.9,129.1,2.7,310.1,49.6,14.9
Tap Mun,2025-04-17 18:00:00+08:00,4.1,128.9,2.7,309.3,54.2,19.3
Tap Mun,2025-04-17 19:00:00+08:00,7.7,116.0,2.5,302.8,52.2,17.5
Tap Mun,2025-04-17 20:00:00+08:00,6.6,121.8,2.6,299.0,47.9,13.2
Tap Mun,2025-04-17 21:00:00+08:00,16.8,103.7,2.3,303.6,53.2,13.8
Tap Mun,2025-04-17 22:00:00+08:00,15.8,102.3,2.4,317.7,52.2,16.0
Tap Mun,2025-04-17 23:00:00+08:00,7.0,79.5,2.4,323.7,45.0,13.8
Causeway Bay,2025-04-17 00:00:00+08:00,39.0,73.2,1.3,429.0,82.8,28.4
Causeway Bay,2025-04-17 01:00:00+08:00,33.6,74.6,1.4,386.9,69.8,23.6
Causeway Bay,2025-04-17 02:00:00+08:00,34.2,66.0,1.3,389.0,67.9,22.4
Causeway Bay,2025-04-17 03:00:00+08:00,18.2,82.7,1.2,316.0,64.2,23.5
Causeway Bay,2025-04-17 04:00:00+08:00,14.7,84.9,1.2,317.2,56.4,17.9
Causeway Bay,2025-04-17 05:00:00+08:00,14.7,86.5,1.2,317.2,54.9,17.7
Causeway Bay,2025-04-17 06:00:00+08:00,21.7,76.4,1.3,352.4,55.1,21.0
Causeway Bay,2025-04-17 07:00:00+08:00,52.8,54.4,1.5,330.7,52.5,20.3
Causeway Bay,2025-04-17 08:00:00+08:00,79.4,34.8,2.3,438.6,61.3,22.4
Causeway Bay,2025-04-17 09:00:00+08:00,70.3,43.5,2.2,392.7,72.9,28.5
Causeway Bay,2025-04-17 10:00:00+08:00,88.2,31.2,2.5,447.4,71.2,27.5
Causeway Bay,2025-04-17 11:00:00+08:00,92.1,28.4,3.0,551.1,62.6,22.0
Causeway Bay,2025-04-17 12:00:00+08:00,87.7,28.4,3.6,501.5,55.6,19.7
Causeway Bay,2025-04-17 13:00:00+08:00,82.4,33.4,3.0,475.1,62.0,25.1
Causeway Bay,2025-04-17 14:00:00+08:00,93.3,26.8,4.6,388.4,60.8,23.8
Causeway Bay,2025-04-17 15:00:00+08:00,77.0,31.2,3.1,460.7,61.5,24.2
Causeway Bay,2025-04-17 16:00:00+08:00,77.1,28.2,3.1,471.0,57.9,20.5
Causeway Bay,2025-04-17 17:00:00+08:00,91.1,16.2,4.2,522.5,66.3,20.7
Causeway Bay,2025-04-17 18:00:00+08:00,92.0,16.3,4.1,526.0,61.9,20.8
Causeway Bay,2025-04-17 19:00:00+08:00,96.1,15.8,4.7,591.3,68.2,25.7
Causeway Bay,2025-04-17 20:00:00+08:00,85.7,18.7,3.6,652.5,69.6,28.2
Causeway Bay,2025-04-17 21:00:00+08:00,68.9,28.4,2.6,577.7,68.2,29.1
Causeway Bay,2025-04-17 22:00:00+08:00,81.8,18.4,3.0,573.0,65.4,25.6
Causeway Bay,2025-04-17 23:00:00+08:00,73.4,16.6,3.0,640.2,64.2,25.4
Central,2025-04-17 00:00:00+08:00,58.0,56.6,1.7,565.4,97.3,34.6
Central,2025-04-17 01:00:00+08:00,36.7,72.5,1.5,494.1,81.4,21.4
Central,2025-04-17 02:00:00+08:00,36.0,69.3,1.8,463.2,65.8,17.3
Central,2025-04-17 03:00:00+08:00,36.0,59.7,1.8,463.2,66.4,23.8
Central,2025-04-17 04:00:00+08:00,32.7,66.9,1.8,451.0,60.4,17.4
Central,2025-04-17 05:00:00+08:00,37.1,64.7,1.5,422.7,63.9,22.6
Central,2025-04-17 06:00:00+08:00,41.2,65.1,1.2,427.4,67.4,20.1
Central,2025-04-17 07:00:00+08:00,61.2,46.4,1.6,466.8,56.7,18.5
Central,2025-04-17 08:00:00+08:00,88.3,26.2,2.3,529.5,62.8,23.7
Central,2025-04-17 09:00:00+08:00,106.1,17.5,3.4,569.3,64.1,25.2
Central,2025-04-17 10:00:00+08:00,90.9,27.2,3.3,585.3,69.3,29.4
Central,2025-04-17 11:00:00+08:00,89.8,24.6,3.3,552.5,61.5,26.0
Central,2025-04-17 12:00:00+08:00,81.6,27.0,3.4,592.3,51.5,20.3
Central,2025-04-17 13:00:00+08:00,67.2,38.5,3.0,627.9,54.4,23.3
Central,2025-04-17 14:00:00+08:00,63.7,43.2,2.9,571.7,54.9,25.0
Central,2025-04-17 15:00:00+08:00,67.6,38.6,2.9,585.6,50.8,20.4
Central,2025-04-17 16:00:00+08:00,68.5,29.7,2.9,563.0,56.7,23.5
Central,2025-04-17 17:00:00+08:00,65.8,32.6,3.3,542.2,52.5,18.7
Central,2025-04-17 18:00:00+08:00,64.7,33.4,3.6,609.1,54.5,20.4
Central,2025-04-17 19:00:00+08:00,67.2,29.5,3.4,629.4,51.2,17.7
Central,2025-04-17 20:00:00+08:00,71.2,28.4,3.4,628.9,51.3,18.4
Central,2025-04-17 21:00:00+08:00,60.1,36.3,3.0,562.0,54.3,20.7
Central,2025-04-17 22:00:00+08:00,60.7,32.8,2.9,579.5,52.9,19.4
Central,2025-04-17 23:00:00+08:00,69.8,21.4,3.2,598.4,52.0,16.7
Mong Kok,2025-04-17 00:00:00+08:00,77.7,49.5,1.6,425.5,69.1,23.0
Mong Kok,2025-04-17 01:00:00+08:00,51.8,66.0,1.4,375.8,63.1,19.1
Mong Kok,2025-04-17 02:00:00+08:00,33.6,76.8,1.1,391.5,59.3,18.0
Mong Kok,2025-04-17 03:00:00+08:00,27.5,81.9,1.2,310.5,55.8,16.6
Mong Kok,2025-04-17 04:00:00+08:00,30.7,79.6,1.3,352.0,58.8,19.6
Mong Kok,2025-04-17 05:00:00+08:00,28.4,82.3,1.2,351.8,53.6,16.2
Mong Kok,2025-04-17 06:00:00+08:00,28.2,83.8,1.2,386.3,52.4,17.0
Mong Kok,2025-04-17 07:00:00+08:00,42.7,71.4,1.1,355.6,51.4,18.1
Mong Kok,2025-04-17 08:00:00+08:00,62.5,52.1,1.5,424.2,52.4,18.0
Mong Kok,2025-04-17 09:00:00+08:00,81.1,42.4,1.8,473.0,51.5,18.3
Mong Kok,2025-04-17 10:00:00+08:00,82.8,45.0,2.0,475.1,48.7,16.1
Mong Kok,2025-04-17 11:00:00+08:00,84.3,44.9,1.9,514.7,52.8,21.7
Mong Kok,2025-04-17 12:00:00+08:00,74.6,48.6,2.1,448.7,51.1,20.3
Mong Kok,2025-04-17 13:00:00+08:00,74.0,48.3,1.9,496.9,48.6,18.8
Mong Kok,2025-04-17 14:00:00+08:00,74.0,47.4,2.0,493.3,49.0,19.1
Mong Kok,2025-04-17 15:00:00+08:00,84.9,37.6,2.7,394.6,52.4,20.6
Mong Kok,2025-04-17 16:00:00+08:00,86.8,26.4,2.8,390.3,48.5,15.6
Mong Kok,2025-04-17 17:00:00+08:00,98.9,19.3,3.8,479.9,50.1,15.6
Mong Kok,2025-04-17 18:00:00+08:00,77.8,27.3,2.7,392.1,52.9,17.5
Mong Kok,2025-04-17 19:00:00+08:00,91.9,21.5,3.5,551.2,54.3,18.7
Mong Kok,2025-04-17 20:00:00+08:00,77.1,31.1,2.8,424.9,54.4,19.5
Mong Kok,2025-04-17 21:00:00+08:00,81.7,28.0,2.2,583.5,53.2,18.7
Mong Kok,2025-04-17 22:00:00+08:00,66.2,38.6,1.9,434.7,62.6,23.8
Mong Kok,2025-04-17 23:00:00+08:00,66.0,32.1,1.6,441.5,59.5,21.3
